full_trajectory_uncertainty,id_0,id_1,id_2,id_3,id_4,id_5,id_6,id_7,id_8,y0,x0,x1,y1,x2,y2,x3,y3,x4,y4,x5,y5,x6,y6,x7,y7,x8,y8,p0_1,p1_2,p2_3,p3_4,p4_5,p5_6,p6_7,p7_8,p0-2,p0-3,p0-4,p0-5,p0-6,p0-7,p0-8,p1-3,p1-4,p1-5,p1-6,p1-7,p1-8,p2-4,p2-5,p2-6,p2-7,p2-8,p3-5,p3-6,p3-7,p3-8,p4-6,p4-7,p4-8,p5-7,p5-8,p6-8,nr_cells0,nr_cells1,nr_cells2,nr_cells3,nr_cells4,nr_cells5,nr_cells6,nr_cells7,nr_cells8
0.91,1485,370,571,781,927,2543,507,2592,1266,1091.0,1714.0,1715.0,1093.0,1723.0,1100.0,1724.0,1100.0,1725.0,1100.0,1725.0,1100.0,1725.0,1100.0,1725.0,1100.0,1726.0,1100.0,0.946,0.887,0.887,0.946,0.887,0.887,0.954,0.887,0.917,0.907,0.917,0.911,0.907,0.913,0.91,0.887,0.907,0.902,0.899,0.908,0.905,0.917,0.907,0.902,0.912,0.908,0.917,0.907,0.918,0.912,0.887,0.909,0.904,0.92,0.909,0.92,0,0,0,0,0,0,0,0,0
0.901,196,310,1429,873,1506,1638,1192,1393,2117,1290.0,1491.0,1491.0,1291.0,1492.0,1291.0,1493.0,1291.0,1498.0,1294.0,1498.0,1294.0,1498.0,1294.0,1499.0,1294.0,1499.0,1294.0,0.753,0.953,0.887,0.887,0.946,0.887,0.946,0.946,0.853,0.864,0.87,0.885,0.885,0.894,0.901,0.92,0.909,0.918,0.912,0.918,0.922,0.887,0.907,0.902,0.911,0.917,0.917,0.907,0.917,0.922,0.917,0.926,0.931,0.917,0.926,0.946,0,0,0,0,0,0,0,0,0
0.895,519,2462,2259,567,2199,2126,1669,1262,2280,1260.0,1964.0,1965.0,1260.0,1966.0,1261.0,1966.0,1261.0,1967.0,1261.0,1968.0,1261.0,1968.0,1261.0,1968.0,1261.0,1969.0,1261.0,0.808,0.887,0.946,0.916,0.887,0.946,0.887,0.887,0.847,0.88,0.889,0.889,0.898,0.897,0.895,0.917,0.916,0.909,0.916,0.912,0.908,0.931,0.916,0.924,0.916,0.912,0.901,0.916,0.909,0.905,0.917,0.907,0.902,0.917,0.907,0.887,0,0,0,0,0,0,0,0,0
0.894,1404,1577,387,1280,439,1943,1678,478,2459,1368.0,1772.0,1772.0,1368.0,1772.0,1368.0,1773.0,1368.0,1774.0,1368.0,1774.0,1368.0,1774.0,1368.0,1775.0,1368.0,1775.0,1368.0,0.887,0.954,0.946,0.887,0.808,0.898,0.887,0.887,0.92,0.929,0.918,0.896,0.897,0.895,0.894,0.95,0.929,0.899,0.898,0.897,0.895,0.917,0.88,0.885,0.885,0.885,0.847,0.864,0.87,0.873,0.853,0.864,0.87,0.892,0.89,0.887,0,0,0,0,0,0,0,0,0
0.894,1423,2241,108,1198,91,1579,621,2236,966,278.0,1588.0,1591.0,275.0,1594.0,277.0,1597.0,283.0,1596.0,281.0,1597.0,281.0,1598.0,281.0,1598.0,282.0,1598.0,282.0,0.887,0.962,0.887,0.887,0.808,0.887,0.887,0.951,0.924,0.912,0.906,0.886,0.886,0.886,0.894,0.924,0.912,0.886,0.886,0.886,0.895,0.887,0.86,0.867,0.871,0.884,0.847,0.86,0.867,0.884,0.847,0.86,0.883,0.887,0.908,0.919,0,0,0,0,0,0,0,0,0
0.893,849,696,1504,1417,437,1739,1454,43,4,1492.0,1671.0,1671.0,1491.0,1672.0,1491.0,1673.0,1491.0,1674.0,1491.0,1674.0,1491.0,1674.0,1492.0,1674.0,1492.0,1674.0,1491.0,0.808,0.946,0.986,0.887,0.887,0.887,0.948,0.793,0.877,0.913,0.907,0.903,0.9,0.907,0.893,0.966,0.94,0.927,0.919,0.924,0.905,0.937,0.92,0.912,0.919,0.898,0.887,0.887,0.902,0.88,0.887,0.907,0.879,0.917,0.876,0.871,0,0,0,0,0,0,0,0,0
0.889,1717,1879,958,244,1065,247,778,1085,2024,1285.0,1995.0,1996.0,1285.0,1996.0,1287.0,1996.0,1287.0,1997.0,1287.0,1998.0,1288.0,1998.0,1288.0,1998.0,1288.0,1998.0,1288.0,0.753,0.887,0.947,0.946,0.8,0.946,0.887,0.946,0.82,0.862,0.883,0.866,0.88,0.881,0.889,0.917,0.927,0.895,0.905,0.902,0.908,0.946,0.898,0.91,0.905,0.912,0.873,0.898,0.895,0.905,0.873,0.878,0.895,0.917,0.926,0.917,0,0,0,0,0,0,0,0,0
0.888,524,607,1068,1062,1467,430,511,1549,697,1373.0,1834.0,1835.0,1373.0,1836.0,1373.0,1836.0,1373.0,1836.0,1374.0,1837.0,1374.0,1838.0,1375.0,1838.0,1376.0,1839.0,1377.0,0.946,0.946,0.982,0.887,0.954,0.887,0.753,0.753,0.946,0.958,0.94,0.943,0.934,0.908,0.888,0.964,0.938,0.942,0.931,0.901,0.88,0.934,0.941,0.927,0.892,0.869,0.92,0.909,0.87,0.847,0.92,0.864,0.836,0.82,0.797,0.753,0,0,0,0,0,0,0,0,0
0.887,1196,2242,1298,624,1547,1927,512,1761,2023,1442.0,1881.0,1880.0,1443.0,1880.0,1443.0,1881.0,1442.0,1881.0,1442.0,1882.0,1442.0,1881.0,1442.0,1882.0,1442.0,1882.0,1442.0,0.887,0.986,0.946,0.887,0.946,0.887,0.753,0.808,0.937,0.94,0.927,0.931,0.923,0.899,0.887,0.966,0.94,0.941,0.931,0.901,0.888,0.917,0.926,0.917,0.884,0.871,0.917,0.907,0.868,0.856,0.917,0.862,0.848,0.82,0.816,0.78,0,0,0,0,0,0,0,0,0
0.886,2274,2440,229,928,62,1342,622,1445,813,1413.0,1678.0,1676.0,1413.0,1677.0,1413.0,1678.0,1413.0,1679.0,1413.0,1678.0,1413.0,1679.0,1413.0,1679.0,1413.0,1679.0,1413.0,0.808,0.887,0.887,0.808,0.946,0.887,0.976,0.887,0.847,0.86,0.847,0.867,0.87,0.885,0.886,0.887,0.86,0.882,0.883,0.898,0.897,0.847,0.88,0.882,0.901,0.898,0.877,0.88,0.904,0.901,0.917,0.936,0.924,0.932,0.917,0.932,0,0,0,0,0,0,0,0,0
0.883,1050,609,488,879,204,2122,381,1359,2478,1480.0,1868.0,1868.0,1482.0,1869.0,1481.0,1869.0,1480.0,1870.0,1480.0,1870.0,1480.0,1869.0,1480.0,1870.0,1480.0,1870.0,1480.0,0.887,0.887,0.808,0.808,0.887,0.887,0.946,0.954,0.887,0.86,0.847,0.855,0.86,0.873,0.883,0.847,0.834,0.847,0.855,0.87,0.882,0.808,0.834,0.847,0.867,0.882,0.847,0.86,0.882,0.896,0.887,0.907,0.918,0.917,0.929,0.95,0,0,0,0,0,0,0,0,0
0.88,854,2199,809,682,1643,2179,1788,2230,978,1255.0,1886.0,1887.0,1254.0,1888.0,1256.0,1888.0,1256.0,1889.0,1256.0,1890.0,1256.0,1890.0,1256.0,1890.0,1257.0,1890.0,1257.0,0.986,0.887,0.887,0.887,0.755,0.753,0.998,0.887,0.937,0.92,0.912,0.88,0.859,0.879,0.88,0.887,0.887,0.854,0.834,0.861,0.865,0.887,0.843,0.82,0.856,0.861,0.821,0.798,0.848,0.856,0.754,0.835,0.848,0.875,0.879,0.942,0,0,0,0,0,0,0,0,0
0.874,1628,2269,2019,1742,555,2328,157,1371,2227,906.0,1866.0,1871.0,907.0,1872.0,907.0,1872.0,907.0,1873.0,909.0,1873.0,909.0,1874.0,908.0,1877.0,913.0,1878.0,914.0,0.887,0.887,0.963,0.808,0.887,0.808,0.946,0.808,0.887,0.912,0.886,0.886,0.873,0.884,0.874,0.925,0.886,0.886,0.87,0.883,0.872,0.885,0.886,0.866,0.882,0.87,0.847,0.834,0.862,0.851,0.847,0.88,0.862,0.877,0.854,0.877,0,0,0,0,0,0,0,0,0
0.872,309,1439,928,465,440,722,1350,455,304,1446.0,1801.0,1800.0,1445.0,1801.0,1445.0,1801.0,1445.0,1801.0,1445.0,1802.0,1446.0,1801.0,1446.0,1801.0,1446.0,1802.0,1446.0,0.887,1.0,0.887,0.887,0.753,0.808,0.887,0.866,0.943,0.925,0.915,0.883,0.87,0.872,0.872,0.943,0.925,0.882,0.867,0.87,0.869,0.887,0.842,0.833,0.844,0.848,0.82,0.816,0.833,0.84,0.78,0.816,0.828,0.847,0.853,0.876,0,0,0,0,0,0,0,0,0
0.868,1407,1877,634,2250,2037,963,1252,1696,2330,201.0,1916.0,1920.0,202.0,1923.0,204.0,1929.0,206.0,1931.0,205.0,1931.0,205.0,1931.0,205.0,1931.0,204.0,1932.0,205.0,0.887,0.887,0.946,0.887,0.753,0.887,0.887,0.808,0.887,0.907,0.902,0.872,0.874,0.876,0.868,0.917,0.907,0.868,0.872,0.874,0.865,0.917,0.862,0.868,0.872,0.861,0.82,0.842,0.853,0.844,0.82,0.842,0.833,0.887,0.86,0.847,0,0,0,0,0,0,0,0,0
0.867,2200,218,297,2226,931,1918,70,1559,2402,418.0,1970.0,1970.0,417.0,1970.0,417.0,1971.0,417.0,1973.0,416.0,1974.0,416.0,1975.0,416.0,1974.0,416.0,1975.0,417.0,0.887,0.954,0.946,0.816,0.753,0.887,0.887,0.808,0.92,0.929,0.901,0.871,0.874,0.876,0.867,0.95,0.905,0.867,0.871,0.874,0.864,0.881,0.838,0.85,0.858,0.849,0.784,0.818,0.836,0.83,0.82,0.842,0.833,0.887,0.86,0.847,0,0,0,0,0,0,0,0,0
0.867,1701,974,2294,1860,1732,1913,2341,1961,2246,181.0,1849.0,1850.0,182.0,1854.0,186.0,1853.0,188.0,1856.0,189.0,1856.0,188.0,1859.0,189.0,1859.0,189.0,1858.0,189.0,0.887,0.808,0.887,0.887,0.808,0.887,0.887,0.887,0.847,0.86,0.867,0.855,0.86,0.864,0.867,0.847,0.86,0.847,0.855,0.86,0.864,0.887,0.86,0.867,0.871,0.874,0.847,0.86,0.867,0.871,0.847,0.86,0.867,0.887,0.887,0.887,0,0,0,0,0,0,0,0,0
0.866,225,1907,1712,1356,1134,1642,2706,1481,2083,1219.0,1838.0,1839.0,1220.0,1839.0,1220.0,1840.0,1220.0,1840.0,1220.0,1840.0,1221.0,1841.0,1221.0,1841.0,1222.0,1841.0,1222.0,0.753,0.946,0.937,0.808,0.753,0.887,0.962,0.887,0.849,0.879,0.861,0.839,0.847,0.864,0.866,0.942,0.897,0.861,0.866,0.882,0.883,0.873,0.833,0.846,0.869,0.872,0.78,0.816,0.852,0.859,0.82,0.867,0.872,0.924,0.912,0.924,0,0,0,0,0,0,0,0,0
0.865,310,866,929,502,1559,1040,2583,681,1437,1297.0,1853.0,1857.0,1298.0,1858.0,1298.0,1859.0,1298.0,1859.0,1298.0,1860.0,1298.0,1860.0,1298.0,1858.0,1300.0,1858.0,1300.0,0.808,0.946,0.887,0.887,0.808,0.887,0.887,0.808,0.877,0.88,0.882,0.867,0.87,0.873,0.865,0.917,0.907,0.882,0.883,0.884,0.873,0.887,0.86,0.867,0.871,0.86,0.847,0.86,0.867,0.855,0.847,0.86,0.847,0.887,0.86,0.847,0,0,0,0,0,0,0,0,0
0.864,2498,869,545,881,2013,1364,2576,1587,207,910.0,1955.0,1960.0,916.0,1961.0,917.0,1961.0,917.0,1967.0,921.0,1969.0,920.0,1970.0,920.0,1970.0,921.0,1970.0,921.0,0.848,0.887,0.887,0.808,0.753,0.887,0.887,0.954,0.867,0.874,0.857,0.836,0.845,0.851,0.864,0.887,0.86,0.833,0.844,0.851,0.866,0.847,0.816,0.833,0.844,0.862,0.78,0.816,0.833,0.858,0.82,0.842,0.87,0.887,0.909,0.92,0,0,0,0,0,0,0,0,0
0.863,1705,1820,365,1134,10,1043,920,417,1366,421.0,1930.0,1930.0,420.0,1930.0,420.0,1931.0,420.0,1934.0,422.0,1934.0,421.0,1934.0,419.0,1935.0,420.0,1935.0,419.0,0.93,0.946,1.0,0.753,0.753,0.887,0.887,0.753,0.938,0.959,0.907,0.876,0.878,0.879,0.863,0.973,0.9,0.863,0.868,0.871,0.854,0.876,0.835,0.848,0.856,0.839,0.753,0.797,0.82,0.806,0.82,0.842,0.82,0.887,0.842,0.82,0,0,0,0,0,0,0,0,0
0.862,553,98,666,1756,1910,2612,845,1167,1606,1479.0,1828.0,1828.0,1479.0,1829.0,1479.0,1829.0,1479.0,1830.0,1480.0,1830.0,1480.0,1830.0,1482.0,1830.0,1483.0,1830.0,1482.0,0.753,0.887,0.901,0.887,0.808,0.887,0.887,0.887,0.82,0.847,0.857,0.847,0.854,0.858,0.862,0.894,0.891,0.871,0.874,0.876,0.877,0.894,0.865,0.871,0.874,0.876,0.847,0.86,0.867,0.871,0.847,0.86,0.867,0.887,0.887,0.887,0,0,0,0,0,0,0,0,0
0.859,1812,556,1438,1065,1847,20,926,2084,327,1183.0,1900.0,1903.0,1184.0,1904.0,1185.0,1905.0,1187.0,1907.0,1189.0,1907.0,1188.0,1908.0,1188.0,1907.0,1189.0,1908.0,1189.0,0.887,0.887,0.763,0.946,0.808,0.887,0.887,0.808,0.887,0.845,0.871,0.858,0.863,0.866,0.859,0.825,0.865,0.851,0.858,0.863,0.855,0.855,0.839,0.851,0.858,0.85,0.877,0.88,0.882,0.867,0.847,0.86,0.847,0.887,0.86,0.847,0,0,0,0,0,0,0,0,0
0.858,2244,97,969,1992,1907,2342,1910,1563,1431,1454.0,1762.0,1762.0,1454.0,1762.0,1455.0,1763.0,1455.0,1763.0,1455.0,1764.0,1454.0,1763.0,1456.0,1763.0,1456.0,1763.0,1456.0,0.808,0.753,0.946,0.887,0.753,0.887,0.887,0.946,0.78,0.836,0.848,0.829,0.839,0.846,0.858,0.849,0.862,0.835,0.845,0.852,0.865,0.917,0.862,0.868,0.872,0.884,0.82,0.842,0.853,0.872,0.82,0.842,0.868,0.887,0.907,0.917,0,0,0,0,0,0,0,0,0
0.858,718,1434,1958,1778,276,1355,379,872,139,1268.0,1564.0,1567.0,1277.0,1568.0,1277.0,1569.0,1277.0,1573.0,1282.0,1574.0,1282.0,1574.0,1282.0,1574.0,1282.0,1574.0,1282.0,0.753,0.887,0.946,0.753,0.887,0.946,0.808,0.887,0.82,0.862,0.835,0.845,0.862,0.854,0.858,0.917,0.862,0.868,0.884,0.871,0.873,0.849,0.862,0.883,0.868,0.871,0.82,0.862,0.848,0.856,0.917,0.88,0.882,0.877,0.88,0.847,2,3,1,2,2,1,1,1,1
0.856,1403,1122,2089,1923,802,1380,2384,2233,2476,178.0,1741.0,1743.0,177.0,1747.0,180.0,1744.0,182.0,1745.0,183.0,1745.0,182.0,1745.0,182.0,1746.0,182.0,1746.0,182.0,0.753,0.887,0.887,0.887,0.808,0.936,0.887,0.808,0.82,0.842,0.853,0.844,0.859,0.863,0.856,0.887,0.887,0.867,0.881,0.882,0.871,0.887,0.86,0.879,0.881,0.869,0.847,0.877,0.879,0.865,0.872,0.877,0.86,0.911,0.877,0.847,2,2,2,2,2,2,2,2,2
0.855,1498,368,2189,1437,635,1990,1433,1444,589,1191.0,1647.0,1650.0,1196.0,1650.0,1196.0,1650.0,1196.0,1650.0,1201.0,1652.0,1201.0,1652.0,1201.0,1653.0,1201.0,1653.0,1201.0,0.808,0.887,0.946,0.808,0.808,0.887,0.808,0.887,0.847,0.88,0.862,0.851,0.857,0.85,0.855,0.917,0.88,0.862,0.867,0.857,0.861,0.877,0.854,0.862,0.851,0.857,0.808,0.834,0.827,0.839,0.847,0.834,0.847,0.847,0.86,0.847,0,0,0,0,0,0,0,0,0
0.853,200,1100,1561,1278,1126,1577,2019,675,140,1031.0,1585.0,1588.0,1034.0,1597.0,1038.0,1600.0,1039.0,1593.0,1040.0,1589.0,1041.0,1590.0,1041.0,1590.0,1042.0,1591.0,1041.0,0.887,0.753,0.946,0.753,0.887,0.946,0.764,0.887,0.82,0.862,0.835,0.845,0.862,0.848,0.853,0.849,0.817,0.835,0.857,0.841,0.848,0.849,0.862,0.883,0.859,0.864,0.82,0.862,0.837,0.847,0.917,0.866,0.871,0.855,0.866,0.825,0,0,0,0,0,0,0,0,0
0.853,1960,1621,1714,1657,168,2483,1271,1550,699,1080.0,1858.0,1857.0,1081.0,1858.0,1078.0,1858.0,1078.0,1858.0,1078.0,1859.0,1078.0,1859.0,1078.0,1857.0,1082.0,1858.0,1082.0,0.887,0.769,0.887,0.887,0.887,0.808,0.753,0.946,0.828,0.848,0.857,0.863,0.854,0.84,0.853,0.828,0.848,0.857,0.847,0.832,0.848,0.887,0.887,0.867,0.844,0.861,0.887,0.86,0.833,0.856,0.847,0.816,0.848,0.78,0.836,0.849,0,0,0,0,0,0,0,0,0
0.853,493,1887,49,1077,590,489,669,1387,979,1407.0,1898.0,1899.0,1408.0,1899.0,1408.0,1899.0,1406.0,1899.0,1407.0,1900.0,1406.0,1900.0,1407.0,1900.0,1407.0,1901.0,1407.0,0.887,0.887,0.808,0.793,0.753,0.946,0.946,0.808,0.887,0.86,0.844,0.825,0.846,0.86,0.853,0.847,0.829,0.81,0.837,0.855,0.849,0.8,0.784,0.825,0.849,0.842,0.773,0.831,0.859,0.849,0.849,0.882,0.863,0.946,0.9,0.877,0,0,0,0,0,0,0,0,0
0.853,432,2468,1713,1357,1387,1038,1927,1358,698,939.0,1844.0,1847.0,939.0,1847.0,939.0,1848.0,939.0,1854.0,943.0,1854.0,943.0,1855.0,943.0,1853.0,947.0,1853.0,948.0,0.946,0.887,0.887,0.887,0.753,0.767,0.808,0.887,0.917,0.907,0.902,0.872,0.854,0.848,0.853,0.887,0.887,0.853,0.836,0.831,0.839,0.887,0.842,0.823,0.82,0.831,0.82,0.802,0.804,0.82,0.76,0.776,0.804,0.787,0.821,0.847,0,0,0,0,0,0,0,0,0
0.852,719,1268,278,1654,589,1052,1569,1,243,1412.0,1758.0,1758.0,1411.0,1759.0,1411.0,1759.0,1411.0,1760.0,1411.0,1760.0,1412.0,1760.0,1411.0,1760.0,1411.0,1761.0,1411.0,0.887,0.887,0.685,0.887,0.887,0.808,0.887,0.887,0.887,0.82,0.836,0.846,0.84,0.847,0.852,0.786,0.82,0.836,0.831,0.84,0.847,0.786,0.82,0.817,0.831,0.84,0.887,0.86,0.867,0.871,0.847,0.86,0.867,0.847,0.86,0.887,0,0,0,0,0,0,0,0,0
0.851,1896,555,1881,1504,1504,9,235,206,1439,1294.0,1896.0,1897.0,1293.0,1898.0,1293.0,1899.0,1294.0,1900.0,1294.0,1900.0,1294.0,1900.0,1294.0,1902.0,1295.0,1902.0,1295.0,0.753,0.753,0.753,0.887,1.0,0.887,0.887,0.887,0.753,0.753,0.786,0.829,0.839,0.845,0.851,0.753,0.797,0.848,0.856,0.861,0.865,0.82,0.88,0.882,0.883,0.883,0.943,0.925,0.915,0.909,0.943,0.925,0.915,0.887,0.887,0.887,0,0,0,0,0,0,0,0,0
0.851,429,970,1290,1689,2570,1135,181,2289,486,70.0,1689.0,1698.0,71.0,1703.0,76.0,1709.0,73.0,1713.0,74.0,1715.0,72.0,1714.0,66.0,1715.0,66.0,1715.0,66.0,0.753,0.887,0.887,0.887,0.753,0.808,0.887,0.946,0.82,0.842,0.853,0.833,0.829,0.837,0.851,0.887,0.887,0.853,0.844,0.851,0.865,0.887,0.842,0.833,0.844,0.861,0.82,0.816,0.833,0.856,0.78,0.816,0.848,0.847,0.88,0.917,1,1,1,1,1,1,1,1,1
0.85,818,1471,1826,2205,1505,724,2671,1695,2490,1266.0,1925.0,1925.0,1266.0,1926.0,1266.0,1927.0,1266.0,1927.0,1266.0,1928.0,1266.0,1928.0,1266.0,1929.0,1266.0,1929.0,1266.0,0.808,0.887,0.887,0.753,0.808,0.887,0.887,0.887,0.847,0.86,0.833,0.828,0.838,0.845,0.85,0.887,0.842,0.833,0.844,0.851,0.856,0.82,0.816,0.833,0.844,0.851,0.78,0.816,0.833,0.844,0.847,0.86,0.867,0.887,0.887,0.887,0,0,0,0,0,0,0,0,0
0.85,460,392,670,315,342,338,777,256,466,1106.0,1928.0,1929.0,1105.0,1927.0,1106.0,1927.0,1107.0,1928.0,1106.0,1928.0,1107.0,1928.0,1107.0,1929.0,1108.0,1929.0,1108.0,0.808,0.887,0.887,0.887,0.887,0.807,0.753,0.887,0.847,0.86,0.867,0.871,0.86,0.845,0.85,0.887,0.887,0.887,0.871,0.851,0.856,0.887,0.887,0.867,0.844,0.851,0.887,0.86,0.833,0.844,0.847,0.815,0.833,0.78,0.815,0.82,1,1,1,1,1,1,1,1,1
0.849,1707,79,1157,1579,1549,1278,2034,639,320,373.0,1984.0,1984.0,372.0,1985.0,373.0,1985.0,374.0,1986.0,373.0,1986.0,373.0,1986.0,373.0,1987.0,373.0,1987.0,373.0,0.753,0.753,0.887,0.946,0.887,0.887,0.753,0.925,0.753,0.797,0.835,0.845,0.852,0.838,0.849,0.82,0.862,0.868,0.872,0.852,0.862,0.917,0.907,0.902,0.872,0.881,0.917,0.907,0.868,0.88,0.887,0.842,0.863,0.82,0.855,0.839,0,0,0,0,0,0,0,0,0
0.846,709,963,1087,894,1461,1772,771,280,217,1081.0,1637.0,1639.0,1084.0,1646.0,1083.0,1647.0,1083.0,1646.0,1083.0,1646.0,1080.0,1646.0,1080.0,1646.0,1080.0,1646.0,1081.0,0.808,0.753,0.808,0.887,0.887,0.927,0.946,0.753,0.78,0.789,0.814,0.828,0.845,0.859,0.846,0.78,0.816,0.833,0.852,0.868,0.851,0.847,0.86,0.877,0.891,0.868,0.887,0.9,0.912,0.88,0.907,0.92,0.878,0.936,0.875,0.849,0,0,0,0,0,0,0,0,0
0.845,1106,372,327,1517,500,1864,1272,943,220,1405.0,1858.0,1859.0,1406.0,1859.0,1406.0,1859.0,1406.0,1859.0,1406.0,1860.0,1406.0,1860.0,1408.0,1860.0,1409.0,1861.0,1409.0,0.986,0.998,0.808,0.946,0.753,0.736,0.781,0.753,0.992,0.931,0.935,0.898,0.871,0.858,0.845,0.903,0.917,0.876,0.848,0.837,0.825,0.877,0.836,0.811,0.805,0.796,0.849,0.812,0.804,0.794,0.744,0.756,0.755,0.758,0.756,0.767,0,0,0,0,0,0,0,0,0
0.843,1057,216,612,353,1465,1899,1384,2081,302,1043.0,1793.0,1792.0,1042.0,1792.0,1042.0,1794.0,1042.0,1795.0,1043.0,1796.0,1043.0,1796.0,1043.0,1795.0,1050.0,1796.0,1050.0,0.887,0.887,0.887,0.887,0.887,0.753,0.753,0.808,0.887,0.887,0.887,0.887,0.864,0.848,0.843,0.887,0.887,0.887,0.86,0.842,0.837,0.887,0.887,0.853,0.833,0.829,0.887,0.842,0.82,0.817,0.82,0.797,0.8,0.753,0.771,0.78,0,0,0,0,0,0,0,0,0
0.842,372,130,38,1744,1926,1611,1900,2281,2228,1558.0,1929.0,1925.0,1562.0,1928.0,1564.0,1924.0,1561.0,1927.0,1559.0,1933.0,1556.0,1933.0,1554.0,1933.0,1554.0,1933.0,1554.0,0.887,0.764,0.887,0.753,0.787,0.887,0.887,0.887,0.825,0.846,0.823,0.815,0.827,0.836,0.842,0.825,0.801,0.798,0.815,0.827,0.836,0.82,0.809,0.828,0.84,0.848,0.77,0.809,0.828,0.84,0.837,0.853,0.862,0.887,0.887,0.887,0,0,2,1,0,1,1,1,1
0.842,1107,2310,2345,997,747,2631,2343,944,357,354.0,1883.0,1882.0,355.0,1883.0,356.0,1881.0,356.0,1884.0,356.0,1883.0,355.0,1884.0,355.0,1885.0,355.0,1885.0,356.0,0.887,0.887,0.778,0.753,0.753,0.983,0.946,0.753,0.887,0.851,0.826,0.811,0.84,0.855,0.842,0.832,0.806,0.793,0.831,0.85,0.836,0.765,0.761,0.817,0.842,0.827,0.753,0.829,0.859,0.837,0.868,0.894,0.859,0.965,0.894,0.849,0,0,0,0,0,0,0,0,0
0.84,247,1106,30,1532,803,1604,1473,2123,696,1261.0,1806.0,1806.0,1262.0,1807.0,1263.0,1807.0,1263.0,1808.0,1265.0,1808.0,1265.0,1809.0,1266.0,1809.0,1265.0,1809.0,1266.0,0.887,0.887,0.887,0.807,0.887,0.808,0.753,0.808,0.887,0.887,0.867,0.871,0.86,0.845,0.84,0.887,0.86,0.867,0.855,0.838,0.834,0.847,0.86,0.847,0.828,0.825,0.847,0.834,0.814,0.812,0.847,0.816,0.814,0.78,0.789,0.78,0,0,0,0,0,0,0,0,0
0.84,2047,1574,1029,291,2048,158,1801,1572,2315,1453.0,1684.0,1683.0,1452.0,1683.0,1452.0,1684.0,1452.0,1684.0,1453.0,1685.0,1453.0,1683.0,1453.0,1684.0,1453.0,1684.0,1453.0,0.857,0.753,0.753,0.778,0.882,0.808,0.946,0.946,0.805,0.787,0.785,0.804,0.805,0.825,0.84,0.753,0.761,0.791,0.795,0.82,0.838,0.765,0.804,0.805,0.833,0.852,0.83,0.823,0.853,0.872,0.845,0.879,0.896,0.877,0.9,0.946,0,0,0,0,0,0,0,0,0
0.839,1866,1657,1885,38,1478,2268,2565,1811,1517,1032.0,1961.0,1970.0,1037.0,1969.0,1040.0,1969.0,1040.0,1969.0,1039.0,1970.0,1040.0,1970.0,1040.0,1971.0,1040.0,1971.0,1040.0,0.5,0.793,0.986,0.887,0.887,0.887,0.887,0.887,0.646,0.76,0.791,0.811,0.823,0.832,0.839,0.89,0.889,0.888,0.888,0.888,0.888,0.937,0.92,0.912,0.907,0.903,0.887,0.887,0.887,0.887,0.887,0.887,0.887,0.887,0.887,0.887,0,0,0,0,0,0,0,0,0
0.839,1877,1237,698,2232,2253,417,2636,1267,2221,1353.0,1627.0,1625.0,1351.0,1626.0,1351.0,1627.0,1352.0,1628.0,1353.0,1627.0,1352.0,1628.0,1352.0,1628.0,1352.0,1628.0,1352.0,0.753,0.753,0.808,1.0,0.753,0.808,0.954,0.887,0.753,0.771,0.828,0.813,0.812,0.832,0.839,0.78,0.853,0.828,0.824,0.846,0.852,0.904,0.853,0.842,0.864,0.868,0.876,0.853,0.879,0.88,0.78,0.838,0.85,0.881,0.883,0.92,0,0,0,0,0,0,0,0,0
0.839,1424,369,2205,1212,337,1363,2641,2642,1942,247.0,1652.0,1656.0,248.0,1659.0,250.0,1660.0,251.0,1658.0,250.0,1661.0,251.0,1662.0,251.0,1662.0,251.0,1663.0,251.0,0.986,0.887,0.5,0.753,0.753,1.0,0.946,0.887,0.937,0.791,0.781,0.776,0.813,0.832,0.839,0.693,0.713,0.723,0.778,0.806,0.818,0.626,0.668,0.751,0.79,0.806,0.753,0.835,0.863,0.868,0.876,0.9,0.896,0.973,0.944,0.917,0,0,0,0,0,0,0,0,0
0.839,979,94,149,819,1590,432,1817,235,1900,1469.0,1606.0,1607.0,1474.0,1603.0,1479.0,1603.0,1479.0,1604.0,1479.0,1607.0,1476.0,1607.0,1477.0,1608.0,1477.0,1608.0,1477.0,0.577,0.887,0.887,0.887,0.753,0.887,0.887,0.946,0.732,0.783,0.809,0.798,0.813,0.823,0.839,0.887,0.887,0.853,0.86,0.864,0.876,0.887,0.842,0.853,0.86,0.874,0.82,0.842,0.853,0.872,0.82,0.842,0.868,0.887,0.907,0.917,0,0,0,0,0,0,0,0,0
0.839,676,2364,1708,205,2439,1859,525,2495,1603,1222.0,1621.0,1623.0,1224.0,1623.0,1225.0,1625.0,1226.0,1624.0,1231.0,1625.0,1230.0,1625.0,1230.0,1626.0,1230.0,1625.0,1230.0,0.753,0.753,0.887,0.779,0.901,0.946,0.808,0.887,0.753,0.797,0.793,0.814,0.836,0.832,0.839,0.82,0.806,0.83,0.853,0.845,0.851,0.833,0.855,0.878,0.864,0.868,0.84,0.875,0.858,0.864,0.923,0.885,0.885,0.877,0.88,0.847,0,0,0,0,0,0,0,0,0
0.836,2493,1305,2419,1499,867,2186,1249,2554,1762,1068.0,1599.0,1601.0,1071.0,1606.0,1077.0,1607.0,1078.0,1606.0,1080.0,1606.0,1080.0,1606.0,1080.0,1606.0,1078.0,1607.0,1078.0,0.753,0.753,0.808,0.753,0.887,0.965,0.887,0.887,0.753,0.771,0.766,0.79,0.82,0.829,0.836,0.78,0.771,0.8,0.833,0.842,0.848,0.78,0.816,0.853,0.86,0.864,0.82,0.868,0.873,0.876,0.926,0.913,0.906,0.926,0.913,0.887,0,0,0,0,0,0,0,0,0
0.835,365,1432,1744,446,1582,943,86,1752,1146,307.0,1523.0,1530.0,306.0,1531.0,305.0,1528.0,306.0,1529.0,307.0,1526.0,304.0,1527.0,304.0,1527.0,305.0,1528.0,305.0,0.954,0.887,0.887,0.753,0.753,0.808,0.753,0.887,0.92,0.909,0.87,0.847,0.84,0.828,0.835,0.887,0.842,0.82,0.817,0.807,0.818,0.82,0.797,0.8,0.79,0.807,0.753,0.771,0.766,0.79,0.78,0.771,0.8,0.78,0.816,0.82,0,0,0,0,0,0,0,0,0
0.834,426,695,889,618,798,1603,268,236,1801,1419.0,1637.0,1637.0,1418.0,1635.0,1419.0,1636.0,1419.0,1636.0,1419.0,1632.0,1420.0,1636.0,1421.0,1637.0,1421.0,1637.0,1421.0,0.753,0.753,0.887,0.887,0.808,0.753,0.946,0.887,0.753,0.797,0.82,0.817,0.807,0.826,0.834,0.82,0.842,0.833,0.817,0.839,0.846,0.887,0.86,0.833,0.856,0.861,0.847,0.816,0.848,0.856,0.78,0.836,0.848,0.849,0.862,0.917,0,0,0,0,0,0,0,0,0
0.834,452,764,773,1585,1049,2280,829,551,873,1262.0,1310.0,1302.0,1268.0,1304.0,1268.0,1304.0,1268.0,1305.0,1269.0,1309.0,1282.0,1307.0,1278.0,1306.0,1279.0,1308.0,1278.0,0.753,0.887,0.887,0.946,0.808,0.887,0.753,0.753,0.82,0.842,0.868,0.856,0.861,0.846,0.834,0.887,0.907,0.882,0.883,0.861,0.846,0.917,0.88,0.882,0.856,0.839,0.877,0.88,0.848,0.829,0.847,0.816,0.8,0.82,0.797,0.753,0,0,0,0,0,0,0,0,0
0.834,404,2398,2143,1413,1637,1450,2617,934,695,1042.0,1630.0,1632.0,1045.0,1637.0,1044.0,1639.0,1043.0,1632.0,1046.0,1629.0,1044.0,1629.0,1044.0,1630.0,1045.0,1630.0,1045.0,0.887,0.887,0.753,0.753,0.753,0.946,0.887,0.808,0.887,0.842,0.82,0.806,0.83,0.838,0.834,0.82,0.797,0.786,0.818,0.83,0.826,0.753,0.753,0.801,0.818,0.816,0.753,0.817,0.835,0.829,0.849,0.862,0.848,0.917,0.88,0.847,0,0,0,0,0,0,0,0,0
0.833,816,1531,629,1447,1304,484,286,508,284,1447.0,1723.0,1722.0,1446.0,1723.0,1446.0,1724.0,1446.0,1724.0,1446.0,1725.0,1447.0,1723.0,1447.0,1724.0,1447.0,1724.0,1447.0,0.753,0.801,0.887,0.887,0.887,0.808,0.753,0.887,0.777,0.813,0.832,0.843,0.837,0.825,0.833,0.844,0.858,0.865,0.854,0.837,0.844,0.887,0.887,0.867,0.844,0.851,0.887,0.86,0.833,0.844,0.847,0.816,0.833,0.78,0.816,0.82,0,0,0,0,0,0,0,0,0
0.833,100,1989,1082,505,2018,45,1292,14,1064,450.0,1996.0,1996.0,450.0,1997.0,450.0,1997.0,450.0,1998.0,451.0,1999.0,451.0,2001.0,450.0,2000.0,451.0,2000.0,450.0,0.753,0.887,0.887,0.887,0.808,0.808,0.753,0.887,0.82,0.842,0.853,0.844,0.838,0.826,0.833,0.887,0.887,0.867,0.855,0.838,0.845,0.887,0.86,0.847,0.828,0.838,0.847,0.834,0.814,0.828,0.808,0.789,0.814,0.78,0.816,0.82,0,0,0,0,0,0,0,0,0
0.833,2331,1170,202,1279,617,1991,1774,2077,2222,682.0,1610.0,1611.0,685.0,1613.0,685.0,1616.0,686.0,1643.0,686.0,1654.0,691.0,1655.0,691.0,1657.0,692.0,1657.0,693.0,0.887,0.887,0.887,0.753,0.753,0.994,0.753,0.753,0.887,0.887,0.853,0.833,0.86,0.845,0.833,0.887,0.842,0.82,0.854,0.837,0.825,0.82,0.797,0.846,0.828,0.815,0.753,0.833,0.813,0.801,0.873,0.833,0.813,0.873,0.833,0.753,0,0,0,0,0,0,0,0,0
0.83,488,2584,540,1352,438,1994,1348,1075,815,1121.0,1689.0,1689.0,1123.0,1690.0,1123.0,1690.0,1123.0,1693.0,1123.0,1693.0,1124.0,1694.0,1124.0,1694.0,1124.0,1694.0,1124.0,0.808,0.753,0.783,0.887,0.887,0.753,0.887,0.887,0.78,0.781,0.808,0.823,0.812,0.822,0.83,0.768,0.808,0.827,0.812,0.825,0.834,0.835,0.852,0.827,0.839,0.847,0.887,0.842,0.853,0.86,0.82,0.842,0.853,0.82,0.842,0.887,0,0,0,0,0,0,0,0,0
0.83,634,969,2048,745,2409,1336,1882,1858,624,1086.0,1478.0,1483.0,1086.0,1485.0,1086.0,1486.0,1085.0,1488.0,1089.0,1489.0,1090.0,1489.0,1090.0,1489.0,1090.0,1490.0,1090.0,0.808,0.887,0.808,0.753,0.808,0.887,0.808,0.887,0.847,0.834,0.814,0.812,0.825,0.822,0.83,0.847,0.816,0.814,0.828,0.825,0.834,0.78,0.789,0.814,0.812,0.825,0.78,0.816,0.814,0.828,0.847,0.834,0.847,0.847,0.86,0.847,1,1,1,1,1,1,1,1,1
0.83,779,1749,1580,1994,1654,431,1441,416,1515,1444.0,1920.0,1920.0,1447.0,1920.0,1448.0,1920.0,1447.0,1921.0,1447.0,1921.0,1447.0,1921.0,1446.0,1922.0,1446.0,1922.0,1447.0,0.753,0.887,0.887,0.887,0.808,0.782,0.887,0.753,0.82,0.842,0.853,0.844,0.834,0.841,0.83,0.887,0.887,0.867,0.85,0.856,0.841,0.887,0.86,0.841,0.85,0.834,0.847,0.825,0.841,0.823,0.795,0.825,0.807,0.834,0.807,0.82,0,0,0,0,0,0,0,0,0
0.83,341,1244,1902,2133,1548,2331,1580,1454,464,1068.0,1903.0,1904.0,1068.0,1902.0,1068.0,1903.0,1067.0,1904.0,1068.0,1904.0,1068.0,1904.0,1068.0,1907.0,1069.0,1907.0,1069.0,0.753,0.887,0.887,0.808,0.887,0.783,0.753,0.887,0.82,0.842,0.833,0.844,0.834,0.822,0.83,0.887,0.86,0.867,0.85,0.834,0.842,0.847,0.86,0.841,0.823,0.834,0.847,0.826,0.808,0.823,0.835,0.808,0.827,0.768,0.808,0.82,0,0,0,0,0,0,0,0,0
0.829,642,2117,630,773,1380,2054,2199,1895,1708,109.0,1750.0,1761.0,102.0,1766.0,103.0,1770.0,98.0,1771.0,99.0,1771.0,99.0,1771.0,96.0,1771.0,96.0,1771.0,96.0,0.753,0.887,0.753,0.887,0.775,0.94,0.753,0.887,0.82,0.797,0.82,0.811,0.832,0.821,0.829,0.82,0.842,0.825,0.848,0.832,0.84,0.82,0.805,0.839,0.821,0.832,0.831,0.867,0.839,0.848,0.857,0.822,0.839,0.846,0.86,0.82,0,0,0,0,0,0,0,0,0
0.828,2309,864,1022,2044,2036,1789,2570,1777,1547,1523.0,1788.0,1789.0,1524.0,1788.0,1525.0,1789.0,1525.0,1789.0,1525.0,1795.0,1525.0,1795.0,1524.0,1795.0,1527.0,1796.0,1527.0,0.887,0.887,0.887,0.84,0.753,0.808,0.808,0.753,0.887,0.887,0.875,0.851,0.843,0.838,0.828,0.887,0.871,0.841,0.835,0.83,0.819,0.863,0.826,0.822,0.819,0.808,0.796,0.8,0.802,0.792,0.78,0.789,0.78,0.808,0.789,0.78,0,0,0,0,0,0,0,0,0
0.827,1937,22,95,118,87,1650,1164,25,112,1304.0,1726.0,1725.0,1304.0,1725.0,1304.0,1727.0,1304.0,1728.0,1304.0,1727.0,1305.0,1727.0,1305.0,1727.0,1305.0,1728.0,1305.0,0.753,0.753,0.753,0.887,0.887,0.887,0.887,0.808,0.753,0.753,0.786,0.806,0.82,0.829,0.827,0.753,0.797,0.82,0.833,0.842,0.837,0.82,0.842,0.853,0.86,0.851,0.887,0.887,0.887,0.871,0.887,0.887,0.867,0.887,0.86,0.847,0,0,0,0,0,0,0,0,0
0.827,2269,1047,128,1571,955,793,1558,1564,2331,1387.0,1933.0,1933.0,1388.0,1934.0,1389.0,1935.0,1389.0,1935.0,1390.0,1936.0,1391.0,1936.0,1391.0,1936.0,1391.0,1937.0,1391.0,0.753,0.753,0.887,0.946,0.887,0.887,0.753,0.753,0.753,0.797,0.835,0.845,0.852,0.838,0.827,0.82,0.862,0.868,0.872,0.852,0.838,0.917,0.907,0.902,0.872,0.852,0.917,0.907,0.868,0.845,0.887,0.842,0.82,0.82,0.797,0.753,0,0,0,0,0,0,0,0,0
0.827,2468,1383,1654,1650,2052,591,1344,1441,2616,1153.0,1590.0,1591.0,1162.0,1591.0,1162.0,1592.0,1164.0,1594.0,1169.0,1594.0,1169.0,1595.0,1169.0,1595.0,1169.0,1596.0,1169.0,0.753,0.887,0.887,0.808,0.753,0.753,0.887,0.887,0.82,0.842,0.833,0.817,0.807,0.818,0.827,0.887,0.86,0.833,0.817,0.829,0.837,0.847,0.816,0.8,0.817,0.829,0.78,0.771,0.8,0.817,0.753,0.797,0.82,0.82,0.842,0.887,0,0,0,0,0,0,0,0,0
0.826,1484,431,954,124,373,595,478,332,141,1233.0,1701.0,1702.0,1232.0,1702.0,1232.0,1702.0,1232.0,1703.0,1233.0,1704.0,1233.0,1704.0,1233.0,1704.0,1233.0,1705.0,1233.0,0.808,0.808,0.767,0.753,0.887,0.946,0.887,0.753,0.808,0.794,0.784,0.804,0.828,0.836,0.826,0.787,0.776,0.803,0.832,0.841,0.828,0.76,0.802,0.838,0.848,0.832,0.82,0.862,0.868,0.845,0.917,0.907,0.868,0.917,0.862,0.82,0,0,0,0,0,0,0,0,0
0.826,1768,362,68,924,1405,1125,2167,1068,2672,1361.0,1496.0,1497.0,1366.0,1498.0,1365.0,1498.0,1366.0,1499.0,1366.0,1504.0,1367.0,1505.0,1368.0,1505.0,1368.0,1505.0,1368.0,0.753,0.753,0.808,0.887,0.946,0.753,0.762,0.946,0.753,0.771,0.8,0.829,0.816,0.809,0.826,0.78,0.816,0.848,0.829,0.818,0.836,0.847,0.88,0.848,0.831,0.85,0.917,0.862,0.837,0.859,0.849,0.82,0.852,0.757,0.82,0.854,1,1,1,1,1,1,1,1,1
0.825,2088,1732,1970,1155,1250,2379,1385,117,1360,1558.0,1808.0,1809.0,1558.0,1809.0,1558.0,1812.0,1560.0,1818.0,1560.0,1818.0,1559.0,1818.0,1559.0,1818.0,1559.0,1819.0,1559.0,0.808,0.753,0.887,0.753,0.753,0.946,0.946,0.753,0.78,0.816,0.8,0.79,0.816,0.835,0.825,0.82,0.797,0.786,0.818,0.839,0.827,0.82,0.797,0.835,0.857,0.839,0.753,0.817,0.849,0.83,0.849,0.882,0.849,0.946,0.882,0.849,0,0,0,0,0,0,0,0,0
0.824,283,529,230,74,6,286,992,11,325,1528.0,1710.0,1710.0,1527.0,1710.0,1527.0,1711.0,1528.0,1712.0,1528.0,1716.0,1525.0,1717.0,1525.0,1717.0,1525.0,1718.0,1525.0,0.753,0.753,0.808,0.753,0.887,0.887,0.946,0.808,0.753,0.771,0.766,0.79,0.807,0.826,0.824,0.78,0.771,0.8,0.817,0.839,0.834,0.78,0.816,0.833,0.856,0.848,0.82,0.842,0.868,0.856,0.887,0.907,0.882,0.917,0.88,0.877,0,0,0,0,0,0,0,0,0
0.824,1770,389,2381,1648,862,2521,524,888,1373,1229.0,1570.0,1568.0,1237.0,1568.0,1237.0,1569.0,1237.0,1568.0,1242.0,1568.0,1242.0,1568.0,1242.0,1569.0,1242.0,1569.0,1242.0,0.753,0.889,0.808,0.808,0.887,0.753,0.946,0.753,0.821,0.816,0.814,0.829,0.816,0.835,0.824,0.848,0.835,0.848,0.829,0.848,0.835,0.808,0.834,0.814,0.84,0.826,0.847,0.816,0.848,0.829,0.82,0.862,0.835,0.849,0.817,0.849,0,0,0,0,0,0,0,0,0
0.824,2337,675,329,2474,2559,223,998,2395,2332,1450.0,1982.0,1981.0,1450.0,1981.0,1451.0,1984.0,1450.0,1985.0,1452.0,1986.0,1453.0,1985.0,1451.0,1986.0,1451.0,1986.0,1451.0,0.808,0.753,0.753,0.887,0.808,0.808,0.887,0.887,0.78,0.771,0.8,0.801,0.803,0.815,0.824,0.753,0.797,0.8,0.801,0.816,0.826,0.82,0.816,0.814,0.828,0.838,0.847,0.834,0.847,0.855,0.808,0.834,0.847,0.847,0.86,0.887,0,0,0,0,0,0,0,0,0
0.823,1633,575,1795,706,86,946,323,216,298,1311.0,1564.0,1568.0,1322.0,1569.0,1324.0,1570.0,1324.0,1566.0,1327.0,1569.0,1325.0,1569.0,1325.0,1570.0,1325.0,1570.0,1325.0,0.753,0.946,0.808,0.785,0.764,0.887,0.753,0.887,0.849,0.836,0.823,0.811,0.824,0.813,0.823,0.877,0.846,0.826,0.838,0.824,0.833,0.796,0.785,0.811,0.799,0.814,0.774,0.812,0.797,0.815,0.825,0.801,0.822,0.82,0.842,0.82,0,0,0,0,0,0,0,0,0
0.82,367,1573,2227,1412,988,177,1594,1862,167,1155.0,1630.0,1631.0,1161.0,1632.0,1160.0,1632.0,1160.0,1633.0,1165.0,1634.0,1165.0,1635.0,1166.0,1635.0,1165.0,1636.0,1165.0,0.753,0.753,0.753,0.887,0.753,0.887,0.887,0.887,0.753,0.753,0.786,0.779,0.797,0.81,0.82,0.753,0.797,0.786,0.806,0.82,0.829,0.82,0.797,0.82,0.833,0.842,0.82,0.842,0.853,0.86,0.82,0.842,0.853,0.887,0.887,0.887,0,0,0,1,0,0,0,0,0
0.819,835,1653,1830,274,1460,593,253,999,1355,437.0,1612.0,1613.0,437.0,1614.0,437.0,1619.0,436.0,1619.0,437.0,1619.0,440.0,1627.0,443.0,1629.0,447.0,1629.0,447.0,0.95,0.808,0.753,0.887,0.887,0.6,0.78,0.887,0.879,0.837,0.849,0.857,0.814,0.809,0.819,0.78,0.816,0.833,0.787,0.786,0.8,0.82,0.842,0.782,0.781,0.799,0.887,0.791,0.788,0.808,0.744,0.756,0.788,0.69,0.756,0.833,0,0,0,0,0,0,0,0,0
0.818,129,1965,2330,1572,1753,2605,2358,1897,2600,78.0,1946.0,1954.0,79.0,1956.0,89.0,1959.0,92.0,1967.0,91.0,1969.0,94.0,1969.0,94.0,1970.0,94.0,1971.0,95.0,0.5,0.753,0.946,0.887,0.753,0.929,0.887,0.887,0.626,0.733,0.771,0.768,0.794,0.808,0.818,0.849,0.862,0.835,0.853,0.859,0.863,0.917,0.862,0.879,0.88,0.881,0.82,0.856,0.864,0.868,0.841,0.856,0.864,0.908,0.901,0.887,0,0,0,0,0,0,0,0,0
0.818,961,1023,1433,1653,1128,1880,2353,2647,1357,1159.0,1670.0,1671.0,1159.0,1671.0,1159.0,1672.0,1159.0,1673.0,1159.0,1674.0,1158.0,1674.0,1159.0,1674.0,1159.0,1674.0,1159.0,0.753,0.887,0.946,0.753,0.753,0.808,0.757,0.887,0.82,0.862,0.835,0.818,0.816,0.808,0.818,0.917,0.862,0.835,0.829,0.817,0.827,0.849,0.817,0.815,0.803,0.817,0.753,0.771,0.767,0.791,0.78,0.772,0.801,0.782,0.817,0.822,0,0,0,0,0,0,0,0,0
0.817,571,2198,2337,995,1386,2383,917,1100,1513,1258.0,1847.0,1848.0,1259.0,1848.0,1259.0,1849.0,1259.0,1849.0,1259.0,1850.0,1259.0,1850.0,1259.0,1851.0,1260.0,1851.0,1260.0,0.808,0.753,0.887,0.887,0.753,0.808,0.753,0.887,0.78,0.816,0.833,0.817,0.816,0.807,0.817,0.82,0.842,0.82,0.817,0.807,0.818,0.887,0.842,0.833,0.817,0.829,0.82,0.816,0.8,0.817,0.78,0.771,0.8,0.78,0.816,0.82,0,0,0,0,0,0,0,0,0
0.817,2185,797,1138,828,2281,1176,1820,2331,1061,384.0,1945.0,1945.0,383.0,1946.0,384.0,1946.0,383.0,1947.0,384.0,1948.0,382.0,1948.0,382.0,1948.0,382.0,1948.0,382.0,0.946,0.887,0.753,0.753,0.808,0.753,0.887,0.753,0.917,0.862,0.835,0.829,0.816,0.826,0.817,0.82,0.797,0.8,0.79,0.807,0.799,0.753,0.771,0.766,0.79,0.784,0.78,0.771,0.8,0.79,0.78,0.816,0.8,0.82,0.797,0.82,0,0,0,0,0,0,0,0,0
0.817,633,1650,993,1342,1503,939,2404,1151,2489,1145.0,1403.0,1402.0,1156.0,1403.0,1156.0,1404.0,1157.0,1404.0,1157.0,1405.0,1157.0,1406.0,1157.0,1406.0,1157.0,1406.0,1158.0,0.675,0.887,0.887,0.808,0.887,0.753,0.887,0.753,0.781,0.816,0.814,0.829,0.816,0.826,0.817,0.887,0.86,0.867,0.844,0.851,0.837,0.847,0.86,0.833,0.844,0.829,0.847,0.816,0.833,0.817,0.82,0.842,0.82,0.82,0.797,0.82,0,0,0,0,0,0,0,0,0
0.817,1795,488,1209,823,1640,1710,380,1645,562,1155.0,1710.0,1710.0,1156.0,1711.0,1156.0,1712.0,1156.0,1712.0,1157.0,1713.0,1158.0,1714.0,1159.0,1714.0,1159.0,1714.0,1158.0,0.807,0.753,0.753,0.753,0.808,0.887,0.887,0.887,0.78,0.771,0.766,0.775,0.793,0.807,0.817,0.753,0.753,0.766,0.79,0.807,0.818,0.753,0.771,0.8,0.817,0.829,0.78,0.816,0.833,0.844,0.847,0.86,0.867,0.887,0.887,0.887,0,0,0,0,0,0,0,0,0
0.816,1935,95,2348,2381,2370,2642,1387,146,588,1390.0,1610.0,1608.0,1390.0,1601.0,1398.0,1602.0,1398.0,1602.0,1397.0,1599.0,1398.0,1604.0,1398.0,1604.0,1397.0,1604.0,1396.0,0.834,0.753,0.946,0.753,0.753,0.753,0.986,0.753,0.793,0.844,0.821,0.808,0.798,0.825,0.816,0.849,0.817,0.801,0.791,0.824,0.814,0.849,0.817,0.801,0.838,0.824,0.753,0.753,0.811,0.799,0.753,0.831,0.811,0.87,0.831,0.87,0,0,0,0,0,0,0,0,0
0.815,547,1685,953,989,885,2292,2198,2229,587,1195.0,1591.0,1589.0,1202.0,1590.0,1203.0,1591.0,1204.0,1591.0,1209.0,1591.0,1209.0,1591.0,1209.0,1591.0,1209.0,1591.0,1209.0,0.887,0.808,0.5,0.753,0.863,0.933,0.887,0.887,0.847,0.731,0.737,0.762,0.791,0.804,0.815,0.654,0.687,0.731,0.771,0.791,0.804,0.626,0.705,0.762,0.787,0.804,0.808,0.85,0.859,0.864,0.898,0.894,0.892,0.91,0.902,0.887,0,0,0,0,0,0,0,0,0
0.815,1887,493,489,1281,1912,1244,272,2470,2186,1369.0,1875.0,1875.0,1370.0,1876.0,1370.0,1876.0,1369.0,1876.0,1370.0,1876.0,1370.0,1877.0,1369.0,1877.0,1370.0,1877.0,1369.0,0.753,0.753,0.789,0.887,0.887,0.767,0.887,0.797,0.753,0.765,0.795,0.813,0.806,0.817,0.815,0.771,0.809,0.829,0.816,0.828,0.824,0.838,0.854,0.832,0.843,0.836,0.887,0.847,0.857,0.845,0.827,0.847,0.835,0.827,0.817,0.842,0,0,0,0,0,0,0,0,0
0.814,461,1800,98,1376,1935,1236,464,949,2088,1076.0,1984.0,1985.0,1076.0,1985.0,1076.0,1985.0,1076.0,1983.0,1078.0,1983.0,1078.0,1983.0,1079.0,1986.0,1079.0,1986.0,1080.0,0.771,0.808,0.753,0.887,0.887,0.808,0.788,0.808,0.789,0.777,0.805,0.821,0.819,0.814,0.814,0.78,0.816,0.833,0.828,0.822,0.82,0.82,0.842,0.833,0.824,0.822,0.887,0.86,0.842,0.835,0.847,0.828,0.823,0.798,0.801,0.798,0,0,0,0,0,0,0,0,0
0.813,1409,737,635,1511,1020,2147,1291,2085,2713,947.0,1940.0,1943.0,952.0,1947.0,955.0,1948.0,955.0,1950.0,957.0,1950.0,956.0,1951.0,956.0,1951.0,957.0,1951.0,957.0,0.887,0.753,0.887,0.764,0.753,0.753,0.808,0.905,0.82,0.842,0.823,0.809,0.799,0.8,0.813,0.82,0.801,0.789,0.782,0.786,0.803,0.825,0.801,0.789,0.793,0.811,0.758,0.756,0.769,0.796,0.753,0.771,0.804,0.78,0.822,0.856,0,0,0,0,0,0,0,0,0
0.813,980,1021,2208,1730,1542,1130,274,677,693,24.0,1621.0,1607.0,29.0,1610.0,34.0,1619.0,32.0,1620.0,34.0,1620.0,34.0,1621.0,35.0,1621.0,35.0,1621.0,35.0,0.753,0.769,0.887,0.994,0.753,0.753,0.808,0.787,0.761,0.803,0.851,0.831,0.818,0.816,0.813,0.828,0.883,0.851,0.831,0.827,0.821,0.94,0.878,0.846,0.839,0.83,0.873,0.833,0.827,0.819,0.753,0.771,0.775,0.78,0.782,0.797,0,0,0,0,0,0,0,0,0
0.812,1941,1696,485,1061,2279,1587,1550,958,2398,1409.0,1817.0,1817.0,1409.0,1817.0,1409.0,1818.0,1409.0,1818.0,1409.0,1818.0,1409.0,1819.0,1410.0,1819.0,1411.0,1819.0,1411.0,0.5,0.887,0.946,0.887,0.887,0.753,0.753,0.887,0.693,0.778,0.805,0.821,0.81,0.802,0.812,0.917,0.907,0.902,0.872,0.852,0.857,0.917,0.907,0.868,0.845,0.852,0.887,0.842,0.82,0.833,0.82,0.797,0.82,0.753,0.797,0.82,0,0,0,0,0,0,0,0,0
0.812,75,161,2469,92,1060,1041,480,819,1362,295.0,1856.0,1856.0,294.0,1862.0,295.0,1862.0,295.0,1864.0,295.0,1866.0,292.0,1866.0,292.0,1867.0,292.0,1867.0,292.0,0.753,0.808,0.808,0.793,0.753,0.887,0.887,0.808,0.78,0.789,0.79,0.783,0.8,0.812,0.812,0.808,0.803,0.79,0.81,0.822,0.82,0.801,0.785,0.81,0.825,0.822,0.773,0.811,0.83,0.825,0.82,0.842,0.833,0.887,0.86,0.847,0,0,0,0,0,0,0,0,0
0.812,1180,1238,2231,1124,1416,1640,1657,1479,279,966.0,1627.0,1629.0,967.0,1630.0,969.0,1632.0,968.0,1629.0,971.0,1629.0,975.0,1630.0,975.0,1630.0,975.0,1630.0,975.0,0.753,0.753,0.887,0.787,0.753,0.808,0.808,0.946,0.753,0.797,0.795,0.786,0.79,0.792,0.812,0.82,0.809,0.795,0.797,0.799,0.82,0.837,0.809,0.809,0.808,0.831,0.77,0.782,0.789,0.82,0.78,0.789,0.829,0.808,0.854,0.877,0,0,0,0,0,0,0,0,0
0.811,1181,2555,96,519,580,1271,1780,1252,2316,857.0,1769.0,1775.0,858.0,1775.0,858.0,1775.0,858.0,1772.0,867.0,1777.0,869.0,1778.0,869.0,1781.0,873.0,1781.0,873.0,0.887,0.887,0.76,0.808,0.753,0.887,0.753,0.753,0.887,0.845,0.835,0.819,0.83,0.819,0.811,0.824,0.818,0.802,0.819,0.808,0.8,0.784,0.774,0.802,0.792,0.785,0.78,0.816,0.8,0.79,0.82,0.797,0.786,0.82,0.797,0.753,0,0,0,0,0,0,0,0,0
0.81,2112,2084,573,454,745,1348,234,2012,719,1118.0,1796.0,1796.0,1117.0,1798.0,1117.0,1798.0,1118.0,1799.0,1118.0,1799.0,1118.0,1799.0,1119.0,1799.0,1120.0,1799.0,1120.0,0.887,0.887,0.808,0.753,0.753,0.887,0.753,0.753,0.887,0.86,0.833,0.817,0.829,0.818,0.81,0.847,0.816,0.8,0.817,0.807,0.799,0.78,0.771,0.8,0.79,0.784,0.753,0.797,0.786,0.779,0.82,0.797,0.786,0.82,0.797,0.753,0,0,0,0,0,0,0,0,0
0.81,1874,2245,567,368,1636,2378,155,873,172,649.0,1588.0,1588.0,652.0,1590.0,652.0,1595.0,648.0,1623.0,652.0,1632.0,657.0,1634.0,657.0,1635.0,659.0,1637.0,659.0,0.753,0.753,0.887,0.753,0.753,0.946,0.753,0.887,0.753,0.797,0.786,0.779,0.807,0.799,0.81,0.82,0.797,0.786,0.818,0.807,0.819,0.82,0.797,0.835,0.818,0.83,0.753,0.817,0.801,0.818,0.849,0.817,0.835,0.849,0.862,0.82,0,0,0,0,0,0,0,0,0
0.81,2410,1527,1910,1366,1136,1900,2240,479,1631,239.0,1906.0,1907.0,240.0,1913.0,242.0,1912.0,241.0,1918.0,243.0,1918.0,242.0,1918.0,242.0,1919.0,242.0,1919.0,242.0,0.808,0.887,0.859,0.708,0.5,0.887,0.946,0.887,0.847,0.851,0.815,0.752,0.775,0.799,0.81,0.873,0.818,0.739,0.768,0.798,0.811,0.784,0.689,0.739,0.78,0.798,0.604,0.698,0.76,0.786,0.693,0.778,0.805,0.917,0.907,0.917,0,0,0,0,0,0,0,0,0
0.81,2399,1579,1715,2115,2552,1744,1806,1976,1457,842.0,1878.0,1881.0,843.0,1882.0,844.0,1883.0,845.0,1885.0,843.0,1885.0,843.0,1885.0,843.0,1882.0,845.0,1883.0,844.0,0.753,0.946,0.753,0.753,0.753,0.887,0.753,0.887,0.849,0.817,0.801,0.791,0.807,0.799,0.81,0.849,0.817,0.801,0.818,0.807,0.819,0.753,0.753,0.786,0.779,0.797,0.753,0.797,0.786,0.806,0.82,0.797,0.82,0.82,0.842,0.82,0,0,0,0,0,0,0,0,0
0.81,1249,2348,2482,369,871,486,2237,877,461,817.0,1777.0,1776.0,818.0,1776.0,818.0,1782.0,819.0,1794.0,833.0,1799.0,837.0,1800.0,837.0,1802.0,839.0,1802.0,839.0,0.887,0.887,0.946,0.753,0.753,0.753,0.753,0.753,0.887,0.907,0.868,0.845,0.83,0.819,0.81,0.917,0.862,0.835,0.818,0.807,0.799,0.849,0.817,0.801,0.791,0.785,0.753,0.753,0.753,0.753,0.753,0.753,0.753,0.753,0.753,0.753,1,1,1,1,1,1,1,1,1
0.809,1647,736,544,1859,1424,179,11,1192,113,1047.0,1833.0,1832.0,1045.0,1833.0,1045.0,1834.0,1046.0,1834.0,1047.0,1835.0,1047.0,1835.0,1047.0,1835.0,1049.0,1836.0,1049.0,0.753,0.808,0.808,0.753,0.887,0.768,0.808,0.887,0.78,0.789,0.78,0.801,0.796,0.798,0.809,0.808,0.789,0.814,0.805,0.805,0.817,0.78,0.816,0.804,0.805,0.818,0.82,0.803,0.804,0.82,0.828,0.821,0.837,0.788,0.821,0.847,0,0,0,0,0,0,0,0,0
0.809,1627,554,667,408,943,319,2287,740,778,1334.0,1838.0,1840.0,1334.0,1841.0,1334.0,1841.0,1334.0,1842.0,1335.0,1842.0,1334.0,1843.0,1335.0,1844.0,1337.0,1844.0,1337.0,0.946,0.984,0.986,0.946,0.808,0.8,0.5,0.5,0.965,0.972,0.966,0.934,0.912,0.853,0.809,0.985,0.972,0.931,0.905,0.837,0.789,0.966,0.913,0.885,0.808,0.757,0.877,0.851,0.763,0.711,0.804,0.702,0.652,0.65,0.6,0.5,0,0,0,0,0,0,0,0,0
0.808,2127,2152,2286,775,67,1349,1084,336,1130,162.0,1927.0,1927.0,161.0,1931.0,165.0,1929.0,166.0,1934.0,165.0,1934.0,165.0,1934.0,165.0,1934.0,165.0,1934.0,164.0,0.753,0.887,0.753,0.808,0.753,0.954,0.808,0.753,0.82,0.797,0.8,0.79,0.818,0.816,0.808,0.82,0.816,0.8,0.831,0.827,0.816,0.78,0.771,0.817,0.815,0.804,0.78,0.838,0.83,0.815,0.853,0.838,0.817,0.881,0.838,0.78,0,0,0,0,0,0,0,0,0
0.808,2383,148,758,1686,163,1250,389,921,291,144.0,1210.0,1229.0,140.0,1234.0,125.0,1233.0,117.0,1226.0,116.0,1224.0,111.0,1223.0,113.0,1226.0,114.0,1225.0,113.0,0.887,0.887,0.887,0.605,0.753,0.753,0.887,0.808,0.887,0.887,0.816,0.804,0.795,0.808,0.808,0.887,0.793,0.783,0.777,0.795,0.797,0.746,0.748,0.749,0.777,0.782,0.679,0.703,0.749,0.761,0.753,0.797,0.8,0.82,0.816,0.847,0,0,0,0,0,0,0,0,0
0.807,2472,1902,864,72,1301,1740,2633,2080,2119,1196.0,1686.0,1690.0,1194.0,1690.0,1194.0,1691.0,1194.0,1690.0,1195.0,1692.0,1194.0,1692.0,1195.0,1692.0,1195.0,1693.0,1195.0,0.753,0.808,0.887,0.808,0.887,0.753,0.808,0.753,0.78,0.816,0.814,0.828,0.816,0.815,0.807,0.847,0.834,0.847,0.828,0.825,0.815,0.847,0.86,0.833,0.828,0.816,0.847,0.816,0.814,0.801,0.82,0.816,0.8,0.78,0.771,0.78,0,0,0,0,0,0,0,0,0
0.807,74,578,2129,1741,622,1502,2239,2385,2362,867.0,1848.0,1853.0,871.0,1854.0,871.0,1854.0,872.0,1858.0,871.0,1857.0,871.0,1859.0,872.0,1859.0,877.0,1861.0,877.0,0.808,0.887,0.808,0.753,0.753,0.808,0.753,0.887,0.847,0.834,0.814,0.801,0.803,0.795,0.807,0.847,0.816,0.8,0.801,0.793,0.807,0.78,0.771,0.78,0.775,0.793,0.753,0.771,0.766,0.79,0.78,0.771,0.8,0.78,0.816,0.82,0,0,0,0,0,0,0,0,0
0.807,312,131,639,422,994,2390,1667,1887,819,311.0,1934.0,1934.0,309.0,1934.0,311.0,1934.0,314.0,1935.0,312.0,1935.0,312.0,1936.0,312.0,1937.0,313.0,1936.0,312.0,0.986,0.887,0.753,0.753,0.766,0.808,0.753,0.753,0.936,0.875,0.845,0.829,0.825,0.815,0.807,0.82,0.797,0.789,0.793,0.786,0.781,0.753,0.757,0.77,0.766,0.764,0.759,0.775,0.77,0.766,0.787,0.775,0.77,0.78,0.771,0.753,0,0,0,0,0,0,0,0,0
0.807,1273,2070,138,2378,1653,255,283,1152,182,1297.0,1410.0,1411.0,1298.0,1411.0,1299.0,1413.0,1301.0,1413.0,1301.0,1412.0,1304.0,1413.0,1304.0,1413.0,1303.0,1414.0,1303.0,0.811,0.808,0.887,0.774,0.808,0.808,0.753,0.808,0.81,0.835,0.82,0.817,0.816,0.807,0.807,0.847,0.823,0.819,0.817,0.806,0.806,0.83,0.823,0.819,0.806,0.806,0.791,0.796,0.785,0.79,0.808,0.789,0.794,0.78,0.789,0.78,0,0,0,0,0,0,0,0,0
0.807,490,862,2336,931,1214,243,857,1759,974,606.0,1724.0,1728.0,609.0,1730.0,610.0,1734.0,612.0,1767.0,624.0,1779.0,622.0,1780.0,622.0,1779.0,623.0,1779.0,625.0,0.808,0.887,0.887,0.753,0.753,0.808,0.808,0.753,0.847,0.86,0.833,0.817,0.816,0.815,0.807,0.887,0.842,0.82,0.817,0.816,0.807,0.82,0.797,0.8,0.801,0.793,0.753,0.771,0.78,0.775,0.78,0.789,0.78,0.808,0.789,0.78,0,0,0,0,0,0,0,0,0
0.806,2078,2237,219,1120,1725,2045,2123,2352,553,1070.0,1441.0,1445.0,1074.0,1446.0,1074.0,1446.0,1086.0,1448.0,1086.0,1449.0,1087.0,1450.0,1087.0,1450.0,1087.0,1451.0,1087.0,0.753,0.753,0.5,0.753,0.946,0.946,0.99,0.808,0.753,0.668,0.689,0.741,0.775,0.806,0.806,0.626,0.668,0.738,0.78,0.815,0.814,0.626,0.733,0.786,0.827,0.824,0.849,0.882,0.909,0.889,0.946,0.961,0.923,0.968,0.915,0.899,0,0,0,0,0,0,0,0,0
0.805,2128,230,274,370,517,2049,90,1259,1132,491.0,1940.0,1940.0,492.0,1940.0,491.0,1942.0,491.0,1942.0,491.0,1939.0,492.0,1940.0,492.0,1940.0,492.0,1940.0,491.0,0.811,0.753,0.946,0.887,0.5,0.808,0.93,0.808,0.782,0.837,0.849,0.779,0.784,0.805,0.805,0.849,0.862,0.771,0.779,0.804,0.804,0.917,0.778,0.785,0.814,0.813,0.693,0.731,0.781,0.786,0.654,0.746,0.761,0.869,0.849,0.869,0,0,0,0,0,0,0,0,0
0.805,2049,861,333,1733,1249,1774,2285,1758,2410,924.0,1726.0,1726.0,924.0,1726.0,924.0,1728.0,922.0,1731.0,935.0,1730.0,936.0,1731.0,936.0,1733.0,938.0,1734.0,942.0,0.887,0.887,0.753,0.887,0.753,0.887,0.754,0.633,0.887,0.842,0.853,0.833,0.842,0.829,0.805,0.82,0.842,0.82,0.833,0.82,0.793,0.82,0.797,0.82,0.806,0.778,0.82,0.842,0.82,0.783,0.82,0.798,0.756,0.82,0.758,0.693,0,0,0,0,0,0,0,0,0
0.804,1818,16,1501,1506,2516,1723,182,1173,767,1359.0,2000.0,2000.0,1360.0,2000.0,1360.0,2000.0,1360.0,2000.0,1360.0,2000.0,1360.0,2001.0,1361.0,2001.0,1360.0,2001.0,1360.0,0.753,0.753,0.753,0.887,0.887,0.788,0.808,0.808,0.753,0.753,0.786,0.806,0.803,0.804,0.804,0.753,0.797,0.82,0.813,0.812,0.812,0.82,0.842,0.828,0.824,0.822,0.887,0.854,0.842,0.835,0.837,0.827,0.822,0.798,0.801,0.808,0,0,0,0,0,0,0,0,0
0.803,139,312,1362,271,1634,1226,1769,870,689,655.0,1507.0,1508.0,655.0,1510.0,654.0,1515.0,650.0,1536.0,656.0,1553.0,662.0,1554.0,662.0,1555.0,662.0,1554.0,663.0,0.753,0.887,0.753,0.753,0.753,0.887,0.887,0.753,0.82,0.797,0.786,0.779,0.797,0.81,0.803,0.82,0.797,0.786,0.806,0.82,0.81,0.753,0.753,0.786,0.806,0.797,0.753,0.797,0.82,0.806,0.82,0.842,0.82,0.887,0.842,0.82,0,0,0,0,0,0,0,0,0
0.802,540,2286,1425,817,433,652,1241,1535,2615,1192.0,1422.0,1423.0,1190.0,1422.0,1191.0,1425.0,1191.0,1425.0,1191.0,1424.0,1192.0,1425.0,1192.0,1425.0,1192.0,1426.0,1192.0,0.887,0.753,0.5,0.753,0.946,0.887,0.887,0.808,0.82,0.713,0.723,0.768,0.787,0.802,0.802,0.626,0.668,0.738,0.768,0.787,0.79,0.626,0.733,0.771,0.794,0.797,0.849,0.862,0.868,0.856,0.917,0.907,0.882,0.887,0.86,0.847,0,0,0,0,0,0,0,0,0
0.802,458,2188,1716,2533,205,2597,2694,2613,2624,943.0,1891.0,1891.0,942.0,1892.0,942.0,1892.0,942.0,1894.0,942.0,1894.0,942.0,1895.0,942.0,1896.0,949.0,1896.0,949.0,0.753,0.5,0.946,0.887,0.753,0.887,0.808,0.887,0.626,0.733,0.771,0.768,0.787,0.79,0.802,0.723,0.778,0.771,0.794,0.797,0.81,0.917,0.862,0.868,0.856,0.861,0.82,0.842,0.833,0.844,0.82,0.816,0.833,0.847,0.86,0.847,0,0,0,0,0,0,0,0,0
0.802,1135,227,763,2165,1817,1022,1542,1442,810,63.0,1569.0,1581.0,60.0,1585.0,65.0,1590.0,68.0,1594.0,64.0,1595.0,69.0,1595.0,69.0,1596.0,70.0,1595.0,70.0,0.808,0.887,0.753,0.555,0.753,0.887,0.887,0.887,0.847,0.816,0.751,0.751,0.774,0.79,0.802,0.82,0.731,0.737,0.767,0.787,0.801,0.654,0.687,0.737,0.767,0.787,0.654,0.731,0.77,0.794,0.82,0.842,0.853,0.887,0.887,0.887,0,0,0,0,0,0,0,0,0
0.802,639,2503,737,2060,800,1346,2021,2171,561,1339.0,1707.0,1707.0,1339.0,1707.0,1339.0,1708.0,1339.0,1708.0,1339.0,1708.0,1340.0,1709.0,1340.0,1709.0,1340.0,1709.0,1340.0,0.887,0.887,0.753,0.887,0.887,0.808,0.808,0.5,0.887,0.842,0.853,0.86,0.851,0.845,0.802,0.82,0.842,0.853,0.844,0.838,0.79,0.82,0.842,0.833,0.828,0.774,0.887,0.86,0.847,0.778,0.847,0.834,0.751,0.808,0.705,0.654,0,0,0,0,0,0,0,0,0
0.802,881,434,1004,24,1973,2326,2696,738,24,501.0,1820.0,1821.0,503.0,1822.0,504.0,1824.0,505.0,1827.0,515.0,1825.0,515.0,1827.0,515.0,1827.0,515.0,1830.0,516.0,0.5,0.887,0.808,0.887,0.808,0.887,0.887,0.753,0.693,0.731,0.77,0.778,0.796,0.809,0.802,0.847,0.86,0.847,0.855,0.86,0.845,0.847,0.834,0.847,0.855,0.838,0.847,0.86,0.867,0.844,0.847,0.86,0.833,0.887,0.842,0.82,1,1,1,1,1,1,1,1,1
0.802,1353,291,1066,207,2234,2118,1450,1865,352,221.0,1717.0,1722.0,220.0,1727.0,222.0,1727.0,223.0,1727.0,223.0,1728.0,223.0,1729.0,224.0,1729.0,224.0,1729.0,225.0,0.887,0.808,0.5,0.887,0.753,0.808,0.887,0.887,0.847,0.731,0.77,0.767,0.774,0.79,0.802,0.654,0.731,0.737,0.751,0.774,0.79,0.693,0.713,0.737,0.767,0.787,0.82,0.816,0.833,0.844,0.78,0.816,0.833,0.847,0.86,0.887,0,0,0,0,0,0,0,0,0
0.802,1772,110,2188,145,1819,394,1886,2450,1507,768.0,1611.0,1616.0,765.0,1618.0,766.0,1619.0,764.0,1643.0,773.0,1654.0,777.0,1654.0,778.0,1657.0,785.0,1656.0,785.0,0.887,0.887,0.946,0.808,0.5,0.887,0.753,0.753,0.887,0.907,0.882,0.806,0.819,0.81,0.802,0.917,0.88,0.785,0.806,0.797,0.79,0.877,0.751,0.785,0.779,0.774,0.654,0.731,0.737,0.74,0.693,0.713,0.723,0.82,0.797,0.753,0,0,0,0,0,0,0,0,0
0.802,2525,2488,2518,2598,2638,2704,2145,2697,2018,288.0,2020.0,2019.0,297.0,2019.0,297.0,2019.0,300.0,2015.0,299.0,2015.0,298.0,2016.0,298.0,2016.0,298.0,2016.0,298.0,0.769,0.753,0.753,0.753,0.808,0.808,0.887,0.887,0.761,0.758,0.757,0.767,0.774,0.79,0.802,0.753,0.753,0.766,0.775,0.793,0.807,0.753,0.771,0.78,0.801,0.816,0.78,0.789,0.814,0.828,0.808,0.834,0.847,0.847,0.86,0.887,0,0,0,0,0,0,0,0,0
0.801,1397,517,266,2056,302,1851,284,1392,2055,572.0,1381.0,1383.0,574.0,1388.0,582.0,1394.0,590.0,1411.0,600.0,1429.0,602.0,1429.0,603.0,1430.0,604.0,1431.0,603.0,0.755,0.887,0.753,0.759,0.808,0.808,0.887,0.753,0.821,0.798,0.788,0.792,0.795,0.808,0.801,0.82,0.799,0.801,0.803,0.817,0.808,0.756,0.773,0.782,0.803,0.794,0.783,0.791,0.815,0.803,0.808,0.834,0.814,0.847,0.816,0.82,0,0,0,0,0,0,0,0,0
